City_ID,City,Country,Lat,Lng,Max Temp,Humidity,Cloudiness,Wind Speed,Current Description
0,Balkhash,KZ,46.844,74.9804,22.75,83,100,6.13,light snow
1,Puerto Ayora,EC,-0.7393,-90.3518,78.76,90,95,4.0,overcast clouds
2,Klaksvik,FO,62.2266,-6.589,38.32,98,100,31.74,overcast clouds
3,Rikitea,PF,-23.1203,-134.9692,77.86,73,12,3.76,few clouds
4,Chuy,UY,-33.6971,-53.4616,78.44,52,17,15.26,few clouds
5,Hermanus,ZA,-34.4187,19.2345,63.9,76,19,12.77,few clouds
6,Tuktoyaktuk,CA,69.4541,-133.0374,-25.6,68,40,10.36,scattered clouds
7,Port Lincoln,AU,-34.7333,135.8667,63.79,82,0,7.14,clear sky
8,Deputatskiy,RU,69.3,139.9,-35.07,100,98,0.38,overcast clouds
9,Tabou,CI,4.423,-7.3528,80.13,82,93,7.54,overcast clouds
10,New Norfolk,AU,-42.7826,147.0587,56.75,74,100,1.83,overcast clouds
11,Novovasylivka,UA,46.8315,35.7536,26.33,89,91,3.53,overcast clouds
12,Arraial Do Cabo,BR,-22.9661,-42.0278,78.76,89,40,5.75,heavy intensity rain
13,Victoria,HK,22.2855,114.1577,65.25,84,0,1.01,clear sky
14,Puerto Leguizamo,CO,-0.1934,-74.7819,92.28,38,100,3.98,overcast clouds
15,Jiuquan,CN,39.7432,98.5174,14.23,61,4,2.21,clear sky
16,Bengkulu,ID,-3.8004,102.2655,75.31,90,93,3.74,overcast clouds
17,Buala,SB,-8.145,159.5921,80.56,83,100,3.91,light rain
18,Lasa,IT,46.6166,10.7002,46.02,97,100,5.86,moderate rain
19,Saint-Ambroise,CA,48.5501,-71.3324,16.34,91,88,0.22,overcast clouds
20,Muros,ES,42.7762,-9.0603,61.23,91,100,14.45,overcast clouds
21,Thompson,CA,55.7435,-97.8558,-7.44,77,75,2.3,light snow
22,Kodiak,US,57.79,-152.4072,36.91,44,1,3.44,clear sky
23,Castro,BR,-24.7911,-50.0119,64.44,90,80,15.21,broken clouds
24,Mehamn,NO,71.0357,27.8492,13.32,93,94,7.45,overcast clouds
25,Hilo,US,19.7297,-155.09,78.12,62,20,0.0,light rain
26,Salinopolis,BR,-0.6136,-47.3561,83.84,71,8,12.26,clear sky
27,Barrow,US,71.2906,-156.7887,-16.58,76,40,10.36,scattered clouds
28,Port Alfred,ZA,-33.5906,26.891,66.13,72,88,6.49,overcast clouds
29,Sorland,NO,67.667,12.6934,35.46,63,100,24.38,overcast clouds
30,Viedma,AR,-40.8135,-62.9967,101.32,13,67,21.61,broken clouds
31,Sao Filipe,CV,14.8961,-24.4956,76.64,68,0,6.58,clear sky
32,Igarka,RU,67.4667,86.5833,0.46,95,100,11.9,overcast clouds
33,Busselton,AU,-33.65,115.3333,63.09,91,1,10.02,clear sky
34,Jalu,LY,29.0331,21.5482,60.17,64,3,9.71,clear sky
35,Atuona,PF,-9.8,-139.0333,79.09,76,22,20.6,few clouds
36,Banda Aceh,ID,5.5577,95.3222,78.24,85,41,11.83,scattered clouds
37,Araouane,ML,18.9048,-3.5265,71.2,17,28,10.89,scattered clouds
38,Clyde River,CA,70.4692,-68.5914,-16.37,76,100,2.3,haze
39,Yellowknife,CA,62.456,-114.3525,-35.88,67,20,3.44,mist
40,Cherskiy,RU,68.75,161.3,-32.57,90,100,0.36,overcast clouds
41,Vila Franca Do Campo,PT,37.7167,-25.4333,63.19,85,100,6.82,overcast clouds
42,Biloela,AU,-24.4167,150.5,68.38,77,100,15.61,overcast clouds
43,Ushuaia,AR,-54.8,-68.3,53.26,54,75,28.77,light rain
44,Gorontalo,ID,0.5412,123.0595,73.92,91,94,3.42,overcast clouds
45,Tasiilaq,GL,65.6145,-37.6368,8.76,61,0,4.52,clear sky
46,Qaanaaq,GL,77.484,-69.3632,-4.36,70,100,1.03,overcast clouds
47,Mackenzie,CA,55.2999,-123.1698,-12.78,77,90,10.36,snow
48,Mataura,NZ,-46.1927,168.8643,56.48,90,98,5.37,overcast clouds
49,Richards Bay,ZA,-28.783,32.0377,71.1,92,80,4.63,light rain
50,Bredasdorp,ZA,-34.5322,20.0403,61.29,65,12,13.73,few clouds
51,Bluff,NZ,-46.6,168.3333,56.8,78,98,23.96,light rain
52,Leshukonskoye,RU,64.8989,45.7622,17.46,93,100,7.09,overcast clouds
53,Vuktyl,RU,63.8567,57.3094,-8.93,98,93,8.16,overcast clouds
54,Gotsu,JP,35.0,132.2167,44.53,71,100,26.46,overcast clouds
55,Punta Arenas,CL,-53.15,-70.9167,55.42,47,40,36.82,scattered clouds
56,Kefamenanu,ID,-9.4467,124.4781,71.37,93,100,1.86,overcast clouds
57,Vaini,TO,-21.2,-175.2,80.76,89,40,3.44,scattered clouds
58,Ribeira Grande,PT,38.5167,-28.7,63.0,67,40,18.41,scattered clouds
59,Nome,US,64.5011,-165.4064,-0.33,71,75,20.71,broken clouds
60,Longyearbyen,SJ,78.2186,15.6401,4.84,72,0,14.97,clear sky
61,Hobart,AU,-42.8794,147.3294,57.11,83,75,1.01,broken clouds
62,Chapais,CA,49.7834,-74.8492,10.18,93,94,3.27,overcast clouds
63,Lorengau,PG,-2.0226,147.2712,81.54,79,100,8.55,overcast clouds
64,Mondeville,FR,49.175,-0.3224,58.78,100,90,12.66,overcast clouds
65,Rio Cuarto,AR,-33.1307,-64.3499,95.67,34,0,23.02,clear sky
66,Morondava,MG,-20.2833,44.2833,81.59,76,40,10.65,scattered clouds
67,Tam Ky,VN,15.5667,108.4833,69.78,90,78,5.3,broken clouds
68,Asau,RO,46.4333,26.4,26.96,98,100,1.63,overcast clouds
69,Grand Gaube,MU,-20.0064,57.6608,77.4,79,15,5.01,few clouds
70,Hualmay,PE,-11.0964,-77.6139,71.96,78,68,8.55,broken clouds
71,Kapaa,US,22.0752,-159.319,75.52,81,90,3.0,light rain
72,Sitka,US,57.0531,-135.33,40.89,87,90,12.66,mist
73,Campo De Criptana,ES,39.4046,-3.1249,46.92,76,2,3.51,clear sky
74,Kailua,US,21.4022,-157.7394,76.14,78,96,5.99,overcast clouds
75,Karchaghbyur,AM,40.1705,45.5779,22.12,55,88,3.74,overcast clouds
76,Mahebourg,MU,-20.4081,57.7,77.29,78,75,11.5,light rain
77,Locri,IT,38.2414,16.2623,61.95,85,100,6.15,overcast clouds
78,Westport,US,41.1415,-73.3579,45.09,91,90,1.99,overcast clouds
79,Kahului,US,20.8947,-156.47,78.06,85,20,11.5,few clouds
80,Penalva,BR,-3.2942,-45.1736,82.54,77,90,3.74,light rain
81,Sabaudia,IT,41.3003,13.0282,56.77,95,21,6.24,few clouds
82,Upernavik,GL,72.7868,-56.1549,-4.34,97,82,8.95,broken clouds
83,Lompoc,US,34.6391,-120.4579,54.52,85,90,12.66,overcast clouds
84,Mandal,IN,25.45,74.5667,53.89,74,2,3.94,clear sky
85,Narasannapeta,IN,18.4167,84.05,69.08,87,0,5.88,clear sky
86,Montalban,FR,44.0167,1.35,60.51,86,100,5.48,overcast clouds
87,Jamestown,US,42.097,-79.2353,40.32,70,90,5.99,mist
88,Del Rio,US,29.3627,-100.8968,79.81,70,1,5.75,clear sky
89,Butaritari,KI,3.0707,172.7902,80.2,78,80,7.52,light rain
90,Laguna,US,38.421,-121.4238,48.25,93,90,1.01,mist
91,Pontian Kecil,MY,1.4801,103.3899,78.93,92,97,6.62,overcast clouds
92,Kongoussi,BF,13.3258,-1.5347,74.19,13,10,8.68,clear sky
93,Tipperary,IE,52.4733,-8.1558,55.06,90,89,11.23,overcast clouds
94,Khani,GE,41.9563,42.9566,29.77,73,100,8.43,overcast clouds
95,Dongying,CN,37.4564,118.4856,27.46,41,0,7.72,clear sky
96,Taywarah,AF,33.35,64.4167,25.84,27,100,2.62,overcast clouds
97,Narsaq,GL,60.9167,-46.05,17.82,59,0,6.49,clear sky
98,Nikolskoye,RU,59.7035,30.7861,19.4,89,100,8.68,overcast clouds
99,Albany,US,42.6001,-73.9662,39.78,91,100,1.59,overcast clouds
100,Georgetown,MY,5.4112,100.3354,81.95,82,20,1.01,few clouds
101,Hamilton,US,39.1834,-84.5333,50.74,82,75,1.99,broken clouds
102,Saskylakh,RU,71.9167,114.0833,-29.0,100,60,4.38,broken clouds
103,Batouri,CM,4.4333,14.3667,76.42,40,51,1.3,broken clouds
104,Mar Del Plata,AR,-38.0023,-57.5575,80.62,90,75,21.99,broken clouds
105,Esperance,AU,-33.8667,121.9,64.24,68,0,10.85,clear sky
106,Dudhani,IN,17.3667,76.3667,72.7,46,58,8.93,broken clouds
107,Umm Kaddadah,SD,13.6017,26.6876,66.99,29,92,12.91,overcast clouds
108,Nabire,ID,-3.3667,135.4833,75.06,89,100,2.71,overcast clouds
109,Berlevag,NO,70.8578,29.0864,18.57,84,99,6.89,overcast clouds
110,Yumen,CN,40.2833,97.2,14.9,51,20,13.0,few clouds
111,Kaseda,JP,31.4167,130.3167,48.85,59,100,22.55,overcast clouds
112,Gurupa,BR,-1.405,-51.64,84.36,69,99,2.84,overcast clouds
113,Nanortalik,GL,60.1432,-45.2371,21.97,76,5,5.97,clear sky
114,Fortuna,US,40.5982,-124.1573,48.97,86,75,1.99,broken clouds
115,Hofn,IS,64.2539,-15.2082,30.22,55,90,20.71,overcast clouds
116,Naze,JP,28.3667,129.4833,57.34,63,100,19.44,overcast clouds
117,San Policarpo,PH,12.1791,125.5072,79.68,79,97,18.21,overcast clouds
118,Savonlinna,FI,61.8699,28.88,23.05,93,90,10.36,overcast clouds
119,Hovd,MN,48.0056,91.6419,-2.83,83,30,2.06,scattered clouds
120,Havelock,US,34.8791,-76.9013,80.55,74,1,8.99,clear sky
121,Kronshtadt,RU,59.9936,29.7736,19.65,85,100,11.16,overcast clouds
122,Isangel,VU,-19.55,169.2667,78.91,94,75,4.61,broken clouds
123,Nimbahera,IN,24.6167,74.6833,52.9,79,0,5.32,clear sky
124,Ilulissat,GL,69.2167,-51.1,-6.21,77,12,5.66,few clouds
125,Vostok,RU,46.4856,135.8833,-28.34,98,39,4.52,scattered clouds
126,Airai,TL,-8.9266,125.4092,60.01,90,100,1.5,overcast clouds
127,Lebu,CL,-37.6167,-73.65,63.16,78,44,8.08,scattered clouds
128,Cape Town,ZA,-33.9258,18.4232,64.89,72,20,1.01,few clouds
129,Nainpur,IN,22.4333,80.1167,53.24,90,0,7.7,clear sky
130,Meadow Lake,US,34.8014,-106.5436,48.67,40,93,13.11,overcast clouds
131,Ust-Omchug,RU,61.15,149.6333,-23.48,96,100,7.07,overcast clouds
132,Seydi,TM,39.4816,62.9137,40.35,23,33,10.8,scattered clouds
133,Pevek,RU,69.7008,170.3133,-33.29,99,100,3.33,overcast clouds
134,Jablah,SY,35.3614,35.9256,52.09,66,0,4.61,clear sky
135,Mae Hong Son,TH,19.3003,97.9685,65.44,81,28,1.83,scattered clouds
136,Souillac,MU,-20.5167,57.5167,77.38,78,75,11.5,broken clouds
137,Tungor,RU,53.3808,142.9564,-10.26,96,100,13.47,overcast clouds
138,San Patricio,US,28.017,-97.5169,81.01,46,99,5.77,overcast clouds
139,Oistins,BB,13.0667,-59.5333,84.29,58,40,18.41,scattered clouds
140,Avarua,CK,-21.2078,-159.775,80.65,78,40,17.27,light rain
141,Carnarvon,AU,-24.8667,113.6333,78.87,61,38,9.22,scattered clouds
142,Vila Velha,BR,-20.3297,-40.2925,82.35,82,75,5.75,broken clouds
143,Panjab,AF,34.388,67.0233,17.58,60,100,0.74,overcast clouds
144,Hithadhoo,MV,-0.6,73.0833,81.64,76,100,10.4,overcast clouds
145,Saint-Pierre,RE,-21.3393,55.4781,76.68,74,0,9.22,clear sky
146,Majene,ID,-3.5403,118.9707,77.58,79,100,5.17,light rain
147,Srinagar,IN,34.0833,74.8167,28.36,31,0,3.49,clear sky
148,Belaya Gora,RU,68.5333,146.4167,-47.6,100,94,1.19,overcast clouds
149,Boa Vista,BR,2.8197,-60.6733,91.38,49,75,8.05,broken clouds
150,Brosteni,RO,47.2333,25.7,27.41,97,100,3.47,overcast clouds
151,Kloulklubed,PW,7.0419,134.2556,75.7,87,100,8.23,moderate rain
152,Zhezkazgan,KZ,47.8043,67.7144,12.47,91,100,10.94,overcast clouds
153,Gornopravdinsk,RU,60.05,69.9,-8.59,99,96,6.08,overcast clouds
154,Kalanchak,UA,46.2562,33.2907,27.82,82,100,5.17,overcast clouds
155,Itigi,TZ,-5.7,34.4833,68.14,61,22,2.04,few clouds
156,Provost,CA,52.3501,-110.2683,-16.15,93,39,6.93,scattered clouds
157,Morros,BR,-9.4467,-46.3003,77.2,83,70,5.28,broken clouds
158,Lafia,NG,8.4833,8.5167,85.93,18,100,4.09,overcast clouds
159,Neapolis,IT,40.8333,14.25,57.74,86,20,3.44,few clouds
160,Kasama,ZM,-10.2129,31.1808,71.8,38,65,2.51,broken clouds
161,Hay River,CA,60.8156,-115.7999,-25.62,68,75,3.44,broken clouds
162,Bilma,NE,18.6853,12.9164,65.61,17,14,6.4,few clouds
163,East London,ZA,-33.0153,27.9116,67.26,81,100,4.56,overcast clouds
164,Dunn,US,44.95,-91.8835,10.35,69,6,5.75,clear sky
165,Ocala,US,29.1872,-82.1401,82.96,63,75,1.01,broken clouds
166,Lalganj,IN,25.8667,85.1833,57.15,84,50,5.44,scattered clouds
167,Tiksi,RU,71.6872,128.8694,-20.51,100,100,4.16,overcast clouds
168,Sakaiminato,JP,35.55,133.2333,42.78,87,75,13.8,broken clouds
169,Saint George,US,37.1041,-113.5841,46.8,50,20,1.99,few clouds
170,Jatara,IN,25.0167,79.05,54.63,78,0,3.38,clear sky
171,Vanimo,PG,-2.6741,141.3028,77.31,90,100,6.93,light rain
172,Norman Wells,CA,65.282,-126.8329,-9.36,70,75,4.61,broken clouds
173,Syamzha,RU,60.0158,41.0614,12.72,94,100,8.55,overcast clouds
174,Caravelas,BR,-17.7125,-39.2481,80.2,74,21,8.37,few clouds
175,Liepaja,LV,56.5419,21.0367,23.05,100,90,6.91,light snow
176,Ponta Do Sol,PT,32.6667,-17.1,66.83,83,3,7.05,clear sky
177,Marzuq,YE,14.4,46.4667,60.6,73,7,6.49,clear sky
178,Otukpo,NG,7.1913,8.1329,81.68,19,98,1.9,overcast clouds
179,Cairns,AU,-16.9167,145.7667,78.06,94,90,4.61,overcast clouds
180,Banjar,ID,-8.19,114.9675,78.66,89,100,3.94,overcast clouds
181,Luderitz,NA,-26.6481,15.1594,64.76,76,0,18.43,clear sky
182,Hasaki,JP,35.7333,140.8333,27.0,63,2,19.8,clear sky
183,Bambous Virieux,MU,-20.3428,57.7575,77.25,78,75,11.5,light rain
184,Luena,AO,-11.7833,19.9167,64.81,77,99,3.0,overcast clouds
185,Blythe,US,33.6103,-114.5964,58.03,39,10,13.78,clear sky
186,Codrington,AU,-38.2667,141.9667,49.32,92,58,6.2,broken clouds
187,Zyryanka,RU,65.75,150.85,-26.7,95,100,15.28,overcast clouds
188,Champerico,GT,14.3,-91.9167,87.76,55,6,10.42,clear sky
189,Aviles,ES,43.5547,-5.9248,59.38,84,0,4.61,clear sky
190,Zhigansk,RU,66.7697,123.3711,-45.78,99,65,6.06,broken clouds
191,Talnakh,RU,69.4865,88.3972,1.2,97,100,6.26,overcast clouds
192,Lata,PT,40.1629,-8.3327,58.82,94,7,3.13,clear sky
193,Keflavik,IS,64.0049,-22.5624,30.87,64,75,24.16,broken clouds
194,Qui Nhon,VN,13.7667,109.2333,75.2,85,97,19.17,overcast clouds
195,Olafsvik,IS,64.8945,-23.7142,29.44,69,22,36.6,few clouds
196,Port Moresby,PG,-9.4431,147.1797,78.22,83,75,11.5,broken clouds
197,Krasnoselkup,RU,65.7,82.4667,-3.86,99,100,7.27,overcast clouds
198,Acuitzio,MX,20.345,-101.9771,75.88,27,1,5.23,clear sky
199,Dingle,PH,10.9995,122.6711,73.89,90,99,11.03,overcast clouds
200,Praia,CV,14.9215,-23.5087,82.94,30,0,12.66,clear sky
201,Kurilsk,RU,45.2333,147.8833,31.95,95,100,20.98,snow
202,Cabinda,AO,-5.55,12.2,77.63,91,87,5.91,overcast clouds
203,Machinga,MW,-15.1685,35.3,80.96,37,88,4.54,overcast clouds
204,Dondo,MZ,-19.6094,34.7431,76.51,92,100,2.89,overcast clouds
205,San Juan,AR,-31.5375,-68.5364,97.97,19,0,12.24,clear sky
206,Port Macquarie,AU,-31.4333,152.9167,61.9,71,90,2.73,overcast clouds
207,San Quintin,MX,30.4833,-115.95,59.2,63,98,5.44,overcast clouds
208,Kingsville,US,27.5159,-97.8561,81.01,64,75,4.61,haze
209,Odweyne,SO,9.4092,45.064,67.75,61,63,4.12,broken clouds
210,Anadyr,RU,64.75,177.4833,1.9,71,0,6.71,clear sky
211,Kavaratti,IN,10.5669,72.642,80.96,71,5,11.05,clear sky
212,Piacabucu,BR,-10.4056,-36.4344,80.91,70,1,8.08,clear sky
213,Ilula,TZ,-7.6766,36.0366,65.5,69,87,3.62,overcast clouds
214,La Ronge,CA,55.1001,-105.2842,-21.75,69,40,6.91,scattered clouds
215,Geraldton,AU,-28.7667,114.6,66.61,88,0,5.75,clear sky
216,Oblivskaya,RU,48.5362,42.5014,32.97,98,100,12.17,overcast clouds
217,Beidao,CN,34.5686,105.8933,31.23,57,100,1.14,light snow
218,Wlodawa,PL,51.55,23.55,28.71,95,100,4.76,overcast clouds
219,Batticaloa,LK,7.7102,81.6924,77.5,83,93,5.57,overcast clouds
220,Southbridge,US,42.0751,-72.0334,40.6,93,100,1.99,overcast clouds
221,Sobolevo,RU,54.4299,31.8996,6.37,99,98,5.19,overcast clouds
222,Ende,ID,-8.8432,121.6623,78.62,85,100,2.48,overcast clouds
223,Flinders,AU,-34.5833,150.8552,62.8,87,0,1.99,clear sky
224,Olga,RU,43.7444,135.2892,2.16,53,0,9.75,clear sky
225,Atar,MR,20.5169,-13.0499,74.46,17,0,8.48,clear sky
226,Oksfjord,NO,70.2396,22.3479,19.58,85,98,8.48,overcast clouds
227,Mount Gambier,AU,-37.8333,140.7667,46.31,93,21,4.61,few clouds
228,Saint-Leu,RE,-21.15,55.2833,76.06,76,100,5.08,overcast clouds
229,Hoi An,VN,15.8794,108.335,69.76,89,99,10.74,overcast clouds
230,La Malbaie,CA,47.6575,-70.1559,25.66,86,77,2.39,broken clouds
231,Ampanihy,MG,-24.7,44.75,74.71,72,28,4.25,scattered clouds
232,Tairua,NZ,-37.0167,175.85,69.1,68,6,7.18,clear sky
233,Cayenne,GF,4.9333,-52.3333,80.64,90,75,5.99,light rain
234,Manaus,BR,-3.1019,-60.025,86.5,74,40,3.44,light rain
235,Phonhong,LA,18.5007,102.4166,66.58,80,20,0.63,few clouds
236,Siswa Bazar,IN,27.15,83.7667,58.5,86,100,7.09,overcast clouds
237,Tura,IN,25.5198,90.2201,60.94,50,100,5.01,overcast clouds
238,Eureka,US,40.8021,-124.1637,49.24,87,84,1.99,broken clouds
239,Maceio,BR,-9.6658,-35.7353,87.24,54,20,12.66,few clouds
240,Bundaberg,AU,-24.85,152.35,71.22,89,100,5.01,overcast clouds
241,Tres Arroyos,AR,-38.3739,-60.2798,98.62,15,74,4.47,broken clouds
242,Iqaluit,CA,63.7506,-68.5145,4.73,77,90,0.0,light snow
243,Margate,GB,51.3813,1.3862,54.97,86,100,4.0,overcast clouds
244,Bangangte,CM,5.1409,10.5198,65.55,81,100,5.1,overcast clouds
245,Pundaguitan,PH,6.3711,126.1689,79.97,77,98,12.5,overcast clouds
246,Provideniya,RU,64.3833,-173.3,-9.76,91,33,8.23,scattered clouds
247,Gamboma,CG,-1.8764,15.8644,76.19,75,100,1.99,light rain
248,North Platte,US,41.1239,-100.7654,32.99,44,1,1.99,clear sky
249,Dibombari,CM,4.1787,9.6561,78.24,79,100,3.13,overcast clouds
250,Chino Valley,US,34.7575,-112.4538,41.41,72,90,8.99,overcast clouds
251,Vizinga,RU,61.0749,50.1031,12.33,93,100,8.86,overcast clouds
252,Khandbari,NP,27.3747,87.2039,48.79,90,98,4.18,overcast clouds
253,Grindavik,IS,63.8424,-22.4338,30.9,64,75,24.16,broken clouds
254,Faya,SA,18.3851,42.4509,53.71,62,90,5.88,overcast clouds
255,Srednekolymsk,RU,67.45,153.6833,-30.87,98,100,3.94,overcast clouds
256,Port-Gentil,GA,-0.7193,8.7815,75.16,94,90,1.14,overcast clouds
257,Chimbote,PE,-9.0853,-78.5783,72.93,76,70,8.9,broken clouds
258,Awbari,LY,26.5921,12.7805,58.03,36,7,7.11,clear sky
259,Harper,LR,4.375,-7.7169,80.2,80,81,7.96,broken clouds
260,Cabo San Lucas,MX,22.8909,-109.9124,81.61,61,72,8.48,broken clouds
261,Saint-Philippe,RE,-21.3585,55.7679,76.59,83,72,14.18,light rain
262,Balakhta,RU,55.38,91.6,12.18,94,100,2.64,overcast clouds
263,Verkhniy Landekh,RU,56.8389,42.5994,2.68,92,61,5.73,broken clouds
264,Victor Harbor,AU,-35.5667,138.6167,77.09,87,0,5.53,clear sky
265,Namibe,AO,-15.1961,12.1522,73.87,61,55,5.82,broken clouds
266,Labuhan,ID,-6.8844,112.2051,78.12,85,99,4.18,overcast clouds
267,Cidreira,BR,-30.1811,-50.2056,74.77,71,2,16.67,clear sky
268,Lagoa,PT,39.05,-27.9833,59.41,72,90,21.32,overcast clouds
269,Bandundu,CD,-3.3167,17.3667,76.21,76,100,2.66,overcast clouds
270,Taksimo,RU,56.3444,114.8794,-20.87,90,96,2.84,overcast clouds
271,Puerto Penasco,MX,31.3167,-113.5333,60.91,70,30,15.01,scattered clouds
272,Bonfim,BR,3.0833,-59.95,93.51,38,99,10.02,overcast clouds
273,Hefei,CN,31.8639,117.2808,28.42,74,0,2.24,clear sky
274,Lomas De Sargentillo,EC,-1.8833,-80.0833,86.58,51,97,3.38,overcast clouds
275,Shingu,JP,33.7333,135.9833,47.79,74,14,16.2,few clouds
276,Korgen,NO,66.0771,13.8153,35.31,96,100,7.16,light snow
277,Ketchikan,US,55.3422,-131.6461,30.18,74,90,10.36,snow
278,Suoyarvi,RU,62.0833,32.35,20.71,94,100,7.78,overcast clouds
279,Hukuntsi,BW,-24.0,21.75,81.81,14,0,8.28,clear sky
280,Dikson,RU,73.5069,80.5464,-7.64,94,100,7.09,overcast clouds
281,Jumla,NP,29.2747,82.1838,32.56,98,100,2.28,snow
282,Stafford,GB,52.8052,-2.1164,54.16,82,82,15.77,broken clouds
283,Teya,RU,60.3778,92.6267,12.29,97,100,2.86,light snow
284,Bubaque,GW,11.2833,-15.8333,79.99,66,0,10.94,clear sky
285,Baruun-Urt,MN,46.6806,113.2792,-2.63,87,8,6.58,clear sky
286,Port Said,EG,31.2565,32.2841,60.78,72,0,4.61,clear sky
287,Port Hardy,CA,50.6996,-127.4199,30.2,80,90,2.3,overcast clouds
288,Mayumba,GA,-3.432,10.6554,76.24,89,79,5.14,broken clouds
289,Mount Isa,AU,-20.7333,139.5,78.57,57,59,8.05,broken clouds
290,Matagami,CA,49.7502,-77.6328,8.71,66,1,6.91,clear sky
291,Emerald,AU,-23.5333,148.1667,69.94,78,100,9.22,overcast clouds
292,Kruisfontein,ZA,-34.0033,24.7314,63.88,82,0,4.45,clear sky
293,Petropavlovsk-Kamchatskiy,RU,53.0452,158.6483,1.99,78,0,11.18,clear sky
294,Port Elizabeth,ZA,-33.918,25.5701,66.09,72,0,8.05,clear sky
295,Mizdah,LY,31.4451,12.9801,55.44,52,0,9.57,clear sky
296,Noumea,NC,-22.2763,166.4572,80.01,99,100,3.36,overcast clouds
297,Wajima,JP,37.4,136.9,48.18,70,96,28.57,light rain
298,Vestmannaeyjar,IS,63.4427,-20.2734,34.05,62,100,13.96,overcast clouds
299,Bom Jesus,BR,-9.0744,-44.3586,78.98,87,89,2.66,overcast clouds
300,Half Moon Bay,US,37.4636,-122.4286,53.46,92,90,4.61,moderate rain
301,Castro Verde,PT,37.6983,-8.0858,54.82,85,0,3.47,clear sky
302,San Luis,AR,-33.295,-66.3356,94.55,19,0,17.67,clear sky
303,Taoudenni,ML,22.6783,-3.9836,71.94,25,59,11.45,broken clouds
304,Morena,IN,26.4969,78.0,53.91,76,3,3.83,clear sky
305,Sorgun,TR,39.8101,35.186,32.79,69,93,3.22,overcast clouds
306,Khatanga,RU,71.9667,102.5,-25.02,98,8,3.4,clear sky
307,Coquimbo,CL,-29.9533,-71.3436,73.13,53,0,13.8,clear sky
308,Trelew,AR,-43.249,-65.3051,102.18,5,47,18.43,scattered clouds
309,Torbay,CA,47.6666,-52.7314,35.76,93,90,1.99,light intensity drizzle
310,Poum,NC,-20.2333,164.0167,80.29,82,98,16.64,overcast clouds
311,Ciechocinek,PL,52.8791,18.7951,32.76,97,100,5.88,overcast clouds
312,Summerville,US,33.0185,-80.1757,80.11,63,20,3.0,few clouds
313,Leningradskiy,RU,69.3833,178.4167,-23.17,97,100,2.42,overcast clouds
314,Tessalit,ML,20.1986,1.0114,69.89,19,78,9.37,broken clouds
315,Vaitape,PF,-16.5167,-151.75,81.07,76,100,15.99,light rain
316,Kununurra,AU,-15.7667,128.7333,80.58,78,99,0.0,overcast clouds
317,Burlatskoye,RU,45.0564,43.635,38.88,89,99,6.69,overcast clouds
318,Sept-Iles,CA,50.2001,-66.3821,30.72,80,75,2.3,broken clouds
319,Sinnamary,GF,5.3833,-52.95,78.48,89,95,13.15,light rain
320,Khandyga,RU,62.6667,135.6,-44.95,96,100,1.52,overcast clouds
321,San Jeronimo,PE,-11.9472,-75.2829,57.58,66,100,4.12,overcast clouds
322,San Matias,BO,-16.3667,-58.4,89.13,62,97,2.66,overcast clouds
323,Mapimi,MX,25.8167,-103.85,73.17,31,100,5.48,overcast clouds
324,Srandakan,ID,-7.9386,110.2506,60.73,87,100,5.03,light rain
325,Katsuura,JP,35.1333,140.3,39.31,62,6,22.46,clear sky
326,Saldanha,ZA,-33.0117,17.9442,64.45,77,42,7.27,scattered clouds
327,Tucuman,AR,-26.8241,-65.2226,96.8,36,0,4.61,clear sky
328,Fort Nelson,CA,58.8053,-122.7002,-9.81,84,90,3.44,light snow
329,Palana,RU,59.1167,159.9667,5.18,91,100,3.44,light snow
330,Abonnema,NG,4.7084,6.7931,79.39,79,100,7.72,overcast clouds
331,Acapulco,MX,16.8634,-99.8901,83.75,55,0,8.7,clear sky
332,Maldonado,UY,-34.6667,-54.9167,94.39,21,50,11.32,scattered clouds
333,Garchitorena,PH,13.8804,123.6946,76.46,85,95,15.97,overcast clouds
334,Arlit,NE,18.7369,7.3853,66.94,22,3,8.84,clear sky
335,Sao Joao Da Barra,BR,-21.6403,-41.0511,82.49,81,99,7.67,overcast clouds
336,Sisimiut,GL,66.9395,-53.6735,11.35,87,70,8.99,broken clouds
337,Meulaboh,ID,4.1363,96.1285,76.51,89,69,2.53,light rain
338,Chokurdakh,RU,70.6333,147.9167,-46.61,100,75,1.16,broken clouds
339,Masvingo,ZW,-20.0637,30.8277,66.38,89,100,8.05,light rain
340,Solwezi,ZM,-12.1688,26.3894,65.28,74,100,3.11,overcast clouds
341,Shelbyville,US,35.4834,-86.4603,62.02,43,1,1.01,light rain
342,Shaunavon,CA,49.6501,-108.4181,-18.62,85,100,10.58,overcast clouds
343,Honiara,SB,-9.4333,159.95,79.81,87,99,4.25,overcast clouds
344,Korla,CN,41.7597,86.1469,19.58,60,5,3.58,clear sky
345,Hami,CN,42.8,93.45,20.37,47,0,5.46,clear sky
346,Leh,IN,34.1667,77.5833,-5.67,64,1,3.96,clear sky
347,Apatity,RU,67.5641,33.4031,3.67,99,91,1.81,overcast clouds
348,Sao Jose Da Coroa Grande,BR,-8.8978,-35.1478,81.19,66,0,7.99,clear sky
349,Kemptville,CA,45.0168,-75.641,33.76,75,93,5.75,overcast clouds
350,Coihaique,CL,-45.5752,-72.0662,65.01,36,75,11.5,broken clouds
351,Sena Madureira,BR,-9.0656,-68.6569,80.17,82,100,3.18,moderate rain
352,Kavieng,PG,-2.5744,150.7967,82.83,76,83,8.43,broken clouds
353,Gresham,US,45.4982,-122.4315,33.48,74,75,1.99,broken clouds
354,Neiafu,TO,-18.65,-173.9833,79.48,94,20,0.0,few clouds
355,Kapit,MY,2.0167,112.9333,72.88,99,100,0.83,overcast clouds
356,Atikokan,CA,48.7555,-91.6216,3.29,85,100,9.17,overcast clouds
357,Karakol,KG,42.4907,78.3936,15.3,58,9,6.87,clear sky
358,Rocha,UY,-34.4833,-54.3333,86.0,40,10,18.21,clear sky
359,Banfora,BF,10.6333,-4.7667,82.2,14,98,5.39,overcast clouds
360,Okhotsk,RU,59.3833,143.3,-8.25,79,100,10.85,overcast clouds
361,Ahipara,NZ,-35.1667,173.1667,66.43,62,85,11.34,overcast clouds
362,Yaransk,RU,57.3033,47.8861,0.5,96,100,7.18,overcast clouds
363,Hambantota,LK,6.1241,81.1185,75.11,87,98,12.41,overcast clouds
364,Rio Gallegos,AR,-51.6226,-69.2181,64.45,22,40,39.12,scattered clouds
365,Senador Jose Porfirio,BR,-2.5908,-51.9542,86.02,64,100,4.14,overcast clouds
366,Mayor Pablo Lagerenza,PY,-19.9309,-60.7718,98.85,32,87,9.24,overcast clouds
367,Ambulu,ID,-8.345,113.6058,76.32,90,100,2.06,light rain
368,Tabas,IR,33.5959,56.9244,48.31,30,100,1.32,overcast clouds
369,Road Town,VG,18.4167,-64.6167,82.44,74,40,18.41,scattered clouds
370,Faanui,PF,-16.4833,-151.75,81.05,76,100,15.9,light rain
371,Rio Grande,BR,-32.035,-52.0986,82.51,61,0,17.43,clear sky
372,Eyl,SO,7.9803,49.8164,75.9,66,18,18.14,few clouds
373,Prince George,CA,53.9166,-122.753,-15.36,76,75,4.61,broken clouds
374,Behbahan,IR,30.5959,50.2417,52.92,76,100,1.01,overcast clouds
375,Tripoli,LY,32.8752,13.1875,62.83,66,82,13.22,broken clouds
376,Princeton,US,25.5384,-80.4089,85.01,69,75,8.05,broken clouds
377,Krk,HR,45.0258,14.5731,49.51,79,90,4.54,overcast clouds
378,Acarau,BR,-2.8856,-40.12,83.84,71,68,17.96,moderate rain
379,Ellisras,ZA,-23.6649,27.7443,82.83,38,100,9.42,overcast clouds
380,Guerrero Negro,MX,27.9769,-114.0611,64.71,58,61,5.55,broken clouds
381,Bac Lieu,VN,9.285,105.7244,78.48,72,32,21.36,scattered clouds
382,Strezhevoy,RU,60.7333,77.5889,-11.02,98,100,6.42,overcast clouds
383,Yerbogachen,RU,61.2767,108.0108,-29.65,100,80,2.89,broken clouds
384,Waipawa,NZ,-41.4122,175.5153,61.93,65,21,2.53,few clouds
385,Erenhot,CN,43.6475,111.9767,11.48,54,10,12.95,clear sky
386,Skjervoy,NO,70.0311,20.9714,24.69,64,100,10.67,overcast clouds
387,Bowmore,US,34.9421,-79.3031,78.28,72,39,5.01,scattered clouds
388,College,US,64.8569,-147.8028,28.35,88,90,13.8,light snow
389,Sungaipenuh,ID,-2.0833,101.3833,62.82,97,85,3.56,overcast clouds
390,Marienburg,PL,54.0359,19.0266,31.84,97,100,5.32,light snow
391,Fredonia,US,42.4401,-79.3317,40.05,91,100,7.34,overcast clouds
392,Goderich,CA,43.7501,-81.7165,37.2,93,100,11.5,overcast clouds
393,Liwale,TZ,-9.7667,37.9333,73.6,89,91,6.31,overcast clouds
394,Beipiao,CN,41.7919,120.7792,13.87,49,5,6.13,clear sky
395,Dicabisagan,PH,17.0818,122.4157,73.02,81,89,7.76,overcast clouds
396,Marawi,PH,7.9986,124.2928,64.65,95,100,1.59,overcast clouds
397,Lerwick,GB,60.1545,-1.1494,42.8,94,100,23.35,overcast clouds
398,Udaipura,IN,23.0833,78.5,51.76,84,2,6.4,clear sky
399,Hirara,JP,24.8,125.2833,65.71,74,95,25.72,overcast clouds
400,Havre-Saint-Pierre,CA,50.2334,-63.5986,32.0,69,1,3.44,clear sky
401,Chhaprauli,IN,29.2167,77.1833,50.47,46,58,4.56,broken clouds
402,Novy Bydzov,CZ,50.2415,15.4908,43.54,99,100,0.6,overcast clouds
403,Mishan,CN,45.55,131.8833,-13.65,95,39,3.83,scattered clouds
404,Axim,GH,4.8699,-2.2405,81.0,80,90,6.71,overcast clouds
405,Ahuimanu,US,21.4447,-157.8378,75.2,78,96,4.0,light rain
406,Florida,US,28.7505,-82.5001,84.22,63,1,3.0,clear sky
407,Omachi,JP,36.5,137.8667,38.73,97,89,4.12,snow
408,Rockingham,US,42.9668,-71.0995,42.51,80,100,0.58,overcast clouds
409,Farafangana,MG,-22.8167,47.8333,76.55,89,63,8.01,light rain
410,Ashqelon,IL,31.6693,34.5715,57.4,72,100,5.66,overcast clouds
411,Springfield,US,37.2153,-93.2982,49.42,93,100,8.01,light rain
412,Campbell River,CA,50.0163,-125.2446,27.27,86,100,0.96,overcast clouds
413,Rocky Mountain House,CA,52.3668,-114.9188,-7.49,54,4,2.3,clear sky
414,Karratha,AU,-20.7377,116.8463,81.41,74,33,10.47,scattered clouds
415,Springbok,ZA,-29.6643,17.8865,57.15,57,9,5.21,clear sky
416,Sturgeon Falls,CA,46.3646,-79.9326,29.08,94,100,5.41,light snow
417,Sungai Padi,TH,6.0851,101.8766,80.38,98,71,2.19,broken clouds
418,Ajdabiya,LY,30.7554,20.2263,62.56,81,60,18.72,broken clouds
419,Haines Junction,CA,60.7522,-137.5108,28.35,64,100,8.05,overcast clouds
420,Moville,US,42.4889,-96.0725,21.88,29,100,5.21,overcast clouds
421,Belyy Yar,RU,53.6039,91.3903,1.29,85,90,0.0,mist
422,Placido De Castro,BR,-10.3353,-67.1856,83.84,79,100,4.07,overcast clouds
423,Charters Towers,AU,-20.1,146.2667,70.54,88,100,13.11,overcast clouds
424,Teguise,ES,29.0605,-13.564,62.82,94,0,3.44,clear sky
425,Bathsheba,BB,13.2167,-59.5167,84.81,58,40,18.41,scattered clouds
426,Rovaniemi,FI,66.5,25.7167,22.41,93,90,5.75,overcast clouds
427,Izhmorskiy,RU,56.194,86.6414,16.29,92,100,9.04,overcast clouds
428,Mukhen,RU,48.1,136.1,-22.38,97,87,3.8,overcast clouds
429,Perpignan,FR,42.75,2.75,64.04,68,90,21.85,overcast clouds
430,Ranghulu,CN,46.65,124.8667,-11.7,98,81,6.89,broken clouds
431,Roma,US,43.2128,-75.4557,40.08,90,90,6.91,overcast clouds
432,Basoko,CD,1.2391,23.616,74.61,89,100,2.68,moderate rain
433,Cockburn Town,TC,21.4612,-71.1419,82.36,57,40,9.22,scattered clouds
434,Tonj,SS,7.2737,28.6822,81.43,33,69,4.7,broken clouds
435,Le Port,RE,-20.9373,55.2919,77.0,78,100,7.02,overcast clouds
436,Chernyshevskiy,RU,63.0128,112.4714,-41.73,100,50,1.41,scattered clouds
437,Palimbang,PH,6.2106,124.1894,77.07,79,99,4.27,overcast clouds
438,Nouadhibou,MR,20.931,-17.0347,76.98,33,0,4.61,clear sky
439,Bethel,US,41.3712,-73.414,42.69,88,100,1.81,overcast clouds
440,Gigmoto,PH,13.7796,124.39,77.14,80,100,15.48,overcast clouds
441,Saint-Michel-Des-Saints,CA,46.6834,-73.9159,21.94,80,82,1.88,broken clouds
442,Batsfjord,NO,70.6345,29.7185,19.4,91,100,4.38,overcast clouds
443,Venado Tuerto,AR,-33.7456,-61.9688,100.81,9,61,15.55,broken clouds
444,Phan Thiet,VN,10.9333,108.1,72.57,82,9,8.75,clear sky
445,Urussu,RU,54.5981,53.4631,-4.95,98,100,3.53,overcast clouds
446,Iwanai,JP,42.9744,140.5089,27.45,83,99,5.73,light snow
447,Constitucion,CL,-35.3333,-72.4167,64.69,74,63,8.66,broken clouds
448,Chuchkovo,RU,54.2693,41.4465,13.51,93,100,11.1,overcast clouds
449,Praia Da Vitoria,PT,38.7333,-27.0667,62.85,77,20,15.17,few clouds
450,Mahanoro,MG,-19.9,48.8,75.54,86,100,2.1,overcast clouds
451,Paamiut,GL,61.994,-49.6678,12.16,67,51,4.36,broken clouds
452,Beringovskiy,RU,63.05,179.3167,1.47,97,99,6.17,overcast clouds
453,Lavrentiya,RU,65.5833,-171.0,-14.22,86,46,3.83,scattered clouds
454,Tuatapere,NZ,-46.1333,167.6833,56.82,83,99,6.04,overcast clouds
455,Severo-Kurilsk,RU,50.6789,156.125,24.78,85,87,8.3,light snow
456,Yermakovskoye,RU,53.2831,92.4003,4.19,94,100,1.79,overcast clouds
457,San Cristobal,VE,7.7669,-72.225,77.18,42,40,4.21,scattered clouds
458,Salym,RU,60.0625,71.4789,-9.53,97,99,5.93,overcast clouds
459,Sao Raimundo Nonato,BR,-9.0153,-42.6994,83.34,62,82,3.89,broken clouds
460,Bonavista,CA,48.6499,-53.1147,36.12,98,100,24.18,snow
461,Wattegama,LK,6.7989,81.4808,71.2,93,100,3.96,overcast clouds
462,Grong,NO,64.4654,12.3149,35.02,98,100,4.79,light snow
463,Moerai,PF,-22.4333,-151.3333,78.22,78,99,13.96,light rain
464,Visconde Do Rio Branco,BR,-21.0103,-42.8406,79.09,83,53,4.14,broken clouds
465,Acajutla,SV,13.5928,-89.8275,87.8,55,9,10.04,clear sky
466,Necochea,AR,-38.5473,-58.7368,82.04,31,100,4.29,light rain
467,Gladstone,AU,-23.85,151.25,73.33,68,75,10.36,broken clouds
468,Gat,IL,31.61,34.7642,56.39,100,100,5.7,overcast clouds
469,Sao Miguel Do Araguaia,BR,-13.275,-50.1628,75.38,87,100,4.34,overcast clouds
470,Darhan,MN,49.4867,105.9228,-2.18,92,13,5.41,few clouds
471,Mandiana,GN,10.6333,-8.6833,79.14,15,5,5.26,clear sky
472,Khasan,RU,42.4308,130.6434,10.89,58,8,16.78,clear sky
473,Puerto El Triunfo,SV,13.2833,-88.55,84.76,59,18,10.13,few clouds
474,El Seibo,DO,18.7641,-69.0375,87.33,61,8,11.54,clear sky
475,Abu Samrah,SY,35.3029,37.1841,47.77,57,99,4.68,overcast clouds
476,Altamira,BR,-3.2033,-52.2064,87.89,70,40,4.61,scattered clouds
477,Lebanon,US,36.2081,-86.2911,64.92,82,1,5.75,clear sky
478,Mahon,ES,39.8885,4.2658,54.16,87,0,3.44,clear sky
479,Pontianak,ID,-0.0333,109.3333,75.18,100,100,1.14,mist
480,Northam,GB,51.0333,-4.2167,58.01,98,72,23.64,broken clouds
481,Honningsvag,NO,70.9821,25.9704,19.72,81,100,9.55,overcast clouds
482,Kristinehamn,SE,59.3098,14.1081,30.18,95,97,1.5,overcast clouds
483,Pitimbu,BR,-7.4706,-34.8086,84.79,70,5,11.81,clear sky
484,Cap Malheureux,MU,-19.9842,57.6142,77.49,78,16,7.0,few clouds
485,Vardo,NO,70.3705,31.1107,19.38,86,75,13.8,light snow
486,Khammam,IN,17.25,80.15,67.33,86,0,5.82,clear sky
487,Timmins,CA,48.4669,-81.3331,15.62,86,90,9.22,light snow
488,Rafai,CF,4.95,23.9167,75.88,52,100,1.48,overcast clouds
489,Racine,US,42.7495,-88.0751,31.55,69,90,1.01,overcast clouds
490,Zawadzkie,PL,50.605,18.4847,36.61,96,99,4.45,overcast clouds
491,Selenginsk,RU,52.0064,106.8647,-15.63,94,52,5.01,broken clouds
492,Jining,CN,35.405,116.5814,29.37,38,1,3.6,clear sky
493,Pisco,PE,-13.7,-76.2167,75.25,73,40,9.22,scattered clouds
494,Limbang,MY,4.75,115.0,80.91,97,100,1.99,overcast clouds
495,Sibiti,CG,-3.6819,13.3499,70.2,97,100,2.35,light rain
496,Kota Belud,MY,6.351,116.4305,76.86,83,98,7.05,overcast clouds
497,Saint Pete Beach,US,27.7253,-82.7412,84.25,72,0,1.99,clear sky
498,Bandarbeyla,SO,9.4942,50.8122,76.57,64,3,13.62,clear sky
499,Golden,US,39.7555,-105.2211,37.83,40,99,3.0,overcast clouds
500,Bud,US,39.447,-86.1758,48.11,90,100,4.38,overcast clouds
501,Khudumelapye,BW,-23.8833,24.75,79.43,22,19,5.79,few clouds
502,Karimganj,IN,24.8667,92.35,59.97,64,100,3.49,overcast clouds
503,Aasiaat,GL,68.7098,-52.8699,1.35,100,98,4.74,overcast clouds
504,Opuwo,NA,-18.0607,13.84,71.15,27,22,7.72,few clouds
505,Port Hedland,AU,-20.3167,118.5667,82.45,83,75,4.61,broken clouds
506,Teapa,MX,17.55,-92.95,87.57,57,0,3.98,clear sky
507,Kavali,IN,14.9167,79.9833,73.81,75,0,7.47,clear sky
508,Sechura,PE,-5.5569,-80.8222,78.33,60,53,14.9,broken clouds
509,Masoko,TZ,-9.3333,33.75,74.41,47,66,4.81,broken clouds
510,Aklavik,CA,68.2191,-135.0107,-9.4,77,75,12.66,light snow
511,Dunyapur,PK,29.7995,71.7196,51.82,30,69,2.42,broken clouds
512,Shakawe,BW,-18.3667,21.85,72.72,58,92,6.96,overcast clouds
513,Palmer,US,42.1584,-72.3287,40.68,83,100,0.67,overcast clouds
514,Slonim,BY,53.0867,25.3219,18.68,89,100,7.9,overcast clouds
515,Paita,PE,-5.0892,-81.1144,82.96,71,67,15.3,broken clouds
516,Siparia,TT,10.1333,-61.5,85.82,79,20,5.01,few clouds
517,Nhulunbuy,AU,-12.2333,136.7667,84.81,79,40,13.8,scattered clouds
518,Kinsale,IE,51.7075,-8.5306,54.77,100,75,20.71,fog
519,Te Anau,NZ,-45.4167,167.7167,52.56,91,92,4.54,overcast clouds
520,Okakarara,NA,-20.5833,17.4333,76.46,15,0,11.39,clear sky
521,Buinsk,RU,54.95,48.2833,-0.51,93,100,7.9,overcast clouds
522,Dzialdowo,PL,53.2396,20.17,29.43,98,100,8.48,overcast clouds
523,Maningrida,AU,-12.0667,134.2667,79.41,87,96,13.67,overcast clouds
524,Akdagmadeni,TR,39.6603,35.8836,29.75,72,75,4.54,broken clouds
525,Mahwa,IN,27.0471,76.9288,51.55,60,50,3.8,scattered clouds
526,Sao Gabriel Da Cachoeira,BR,-0.1303,-67.0892,84.0,74,40,2.3,scattered clouds
527,Muisne,EC,0.6,-80.0333,84.31,85,100,12.88,overcast clouds
528,The Valley,AI,18.217,-63.0578,82.26,69,75,14.97,broken clouds
529,Salalah,OM,17.0151,54.0924,70.97,78,14,2.77,few clouds
530,Kidal,ML,18.4411,1.4078,69.62,16,0,10.13,clear sky
531,Mitsamiouli,KM,-11.3847,43.2844,81.32,78,100,7.2,overcast clouds
532,Key Largo,US,25.0865,-80.4473,83.01,60,29,6.22,scattered clouds
533,Karanja,IN,20.4833,77.4833,62.94,69,63,8.12,broken clouds
534,Quatre Cocos,MU,-20.2078,57.7625,77.11,76,48,14.79,light rain
535,Los Algarrobos,PA,8.5,-82.4333,87.46,62,20,9.22,few clouds
536,Ewa Beach,US,21.3156,-158.0072,75.43,73,75,15.99,broken clouds
537,Marechal Candido Rondon,BR,-24.5561,-54.0567,97.25,29,41,6.71,scattered clouds
538,Aldan,RU,58.6031,125.3894,-22.86,98,100,2.77,overcast clouds
539,Arroyo,ES,41.6096,-4.7969,54.61,90,40,4.61,mist
540,Vanavara,RU,60.34,102.2797,-5.57,98,100,3.67,light snow
541,Muyezerskiy,RU,63.9333,31.65,16.07,94,98,8.55,light snow
542,Winona,US,43.9666,-91.7668,9.95,70,1,3.44,clear sky
543,Okoneshnikovo,RU,54.8377,75.0834,-8.68,95,66,9.91,broken clouds
544,Taltal,CL,-25.4,-70.4833,69.58,67,8,8.25,clear sky
545,Ust-Tsilma,RU,65.441,52.1498,-10.97,100,55,3.31,broken clouds
546,Fukue,JP,32.6881,128.8419,50.38,61,53,28.59,broken clouds
547,Kaitangata,NZ,-46.2817,169.8464,59.94,70,98,9.17,overcast clouds
548,Fairbanks,US,64.8378,-147.7164,28.36,88,90,3.44,light snow
549,Basco,PH,20.4487,121.9702,74.89,64,87,16.26,overcast clouds
550,Novyy Urgal,RU,51.0736,132.5642,-38.13,100,97,0.94,overcast clouds
551,Avera,US,33.194,-82.5271,76.71,69,98,10.71,light rain
552,Petrov Val,RU,50.1434,45.2096,17.37,95,100,14.83,light snow
553,Nuzvid,IN,16.7833,80.85,67.14,94,0,5.59,clear sky
554,Esfarayen,IR,37.0765,57.5101,33.46,31,100,6.89,overcast clouds
555,Guasdualito,VE,7.2424,-70.7324,86.0,58,40,5.75,scattered clouds
556,Kirakira,SB,-10.4544,161.9205,80.58,84,98,5.14,moderate rain
557,Great Yarmouth,GB,52.6083,1.7305,52.05,80,100,20.69,overcast clouds
558,Virginia Beach,US,36.8529,-75.978,75.24,72,100,7.99,overcast clouds
559,Romans-Sur-Isere,FR,45.0464,5.0562,57.56,91,100,7.87,overcast clouds
560,Depalpur,IN,22.85,75.55,52.2,85,0,8.37,clear sky
561,Iacu,BR,-12.7672,-40.2117,83.57,62,77,1.95,broken clouds
562,Tarko-Sale,RU,64.9225,77.785,-22.59,100,83,6.11,broken clouds
563,Mitu,CO,1.1983,-70.1733,84.56,66,100,1.32,overcast clouds
564,Alyangula,AU,-13.8483,136.4192,82.27,83,84,10.36,broken clouds
565,Shieli,KZ,44.1667,66.75,22.84,71,64,6.33,broken clouds
566,Ojinaga,MX,29.5667,-104.4167,74.57,33,1,4.61,clear sky
567,Sarahan,IN,31.5167,77.8,24.03,32,0,10.85,clear sky
568,Mezen,RU,65.8522,44.24,11.44,96,100,5.39,light snow
569,Raudeberg,NO,61.9875,5.1352,38.07,82,100,6.31,overcast clouds
570,Tarakan,ID,3.3,117.6333,76.5,100,75,0.0,broken clouds
571,Russkaya Polyana,UA,49.417,31.9201,9.99,99,87,3.53,overcast clouds
572,Touros,BR,-5.1989,-35.4608,86.9,66,12,12.84,few clouds
573,Siniscola,IT,40.5719,9.6922,63.95,78,88,16.06,overcast clouds
574,Plettenberg Bay,ZA,-34.0527,23.3716,60.78,80,0,7.11,clear sky
575,Mangai,CD,-4.05,19.5333,72.23,85,100,0.74,overcast clouds
576,Kutum,SD,14.2,24.6667,64.8,28,86,7.9,overcast clouds
577,Olyka,UA,50.7186,25.8125,21.92,92,100,6.2,overcast clouds
578,Inhambane,MZ,-23.865,35.3833,75.18,100,40,3.0,scattered clouds
579,Moanda,GA,-1.5575,13.2178,72.1,94,100,3.31,moderate rain
580,Pangnirtung,CA,66.1451,-65.7125,-2.2,71,20,3.44,few clouds
581,Riyadh,SA,24.6877,46.7219,57.34,44,83,10.6,broken clouds
582,Alofi,NU,-19.0595,-169.9187,76.89,88,24,4.61,light rain
583,Urusha,RU,54.05,122.9,-20.06,89,94,4.12,overcast clouds
584,Nyaunglebin,MM,17.95,96.7333,65.39,73,5,6.71,clear sky
585,San Eugenio,PH,16.3598,120.357,73.22,76,25,5.48,scattered clouds
586,Dalbandin,PK,28.8947,64.4101,52.36,18,100,4.25,overcast clouds
587,General Roca,AR,-39.0333,-67.5833,100.62,7,0,10.13,clear sky
588,Yamada,JP,39.4667,141.95,37.65,85,77,5.03,broken clouds
589,Fergus Falls,US,46.283,-96.0776,-2.83,85,98,2.3,overcast clouds
590,Murray Bridge,AU,-35.1167,139.2667,76.75,59,0,2.42,clear sky
591,Nalut,LY,30.3333,10.85,55.63,46,0,8.25,clear sky
592,Usinsk,RU,65.9939,57.5281,-7.33,96,96,14.72,overcast clouds
593,Mamit,IN,23.9333,92.4833,51.96,81,100,2.35,overcast clouds
594,Estevan,CA,49.1334,-102.9842,-15.79,69,1,12.66,clear sky
595,Gloucester,GB,51.8657,-2.2431,56.46,92,100,1.99,overcast clouds
596,Bosaso,SO,11.2842,49.1816,74.35,74,5,3.4,clear sky
597,Aquiraz,BR,-3.9014,-38.3911,84.29,72,100,11.59,overcast clouds
598,Bilibino,RU,68.0546,166.4372,-13.58,96,100,3.78,overcast clouds
599,La Maddalena,IT,41.2142,9.4083,64.45,87,96,25.61,overcast clouds
600,Isfana,KG,39.8386,69.5306,23.56,34,6,8.75,clear sky
601,Omboue,GA,-1.5746,9.2618,74.77,93,92,4.92,overcast clouds
602,Rudbar,AF,30.15,62.6,55.13,23,100,6.91,overcast clouds
603,Kuusamo,FI,65.9667,29.1833,19.44,93,90,4.61,shower drizzle
604,Samarinda,ID,-0.5,117.15,72.86,98,100,2.33,moderate rain
605,Mahuta,TZ,-10.8667,39.45,71.64,95,100,6.64,overcast clouds
606,Hayden,US,47.766,-116.7866,16.92,78,18,5.99,few clouds
607,Punta Alta,AR,-38.8759,-62.0736,86.77,42,40,19.57,scattered clouds
608,Ventspils,LV,57.3894,21.5606,22.93,93,90,6.91,mist
609,Zunyi,CN,27.6867,106.9072,39.72,80,100,1.36,overcast clouds
610,Nishihara,JP,26.1842,127.7558,63.68,72,90,19.57,overcast clouds
611,Baculin,PH,7.4525,126.5842,77.36,86,100,9.8,overcast clouds
612,Chapleau,CA,47.8405,-83.4034,29.43,95,100,9.53,light snow
613,Matnog,PH,12.5878,124.0875,77.83,83,95,18.28,overcast clouds
614,Biak,ID,-0.9131,122.8766,75.45,81,100,3.13,overcast clouds
615,Mackay,AU,-21.15,149.2,75.18,88,90,27.63,overcast clouds
616,Burtunay,RU,42.9886,46.6303,29.35,79,68,4.32,broken clouds
617,Baragua,CU,21.6967,-78.6328,89.49,41,1,5.88,clear sky
618,Mosquera,CO,4.7059,-74.2302,59.13,86,100,4.52,light rain
619,Port Blair,IN,11.6667,92.75,79.95,78,78,10.89,broken clouds
620,Berasia,IN,23.6333,77.4333,49.71,89,44,7.43,scattered clouds
621,Miyazu,JP,35.5333,135.1833,39.16,83,18,11.99,few clouds
622,Yakeshi,CN,49.2833,120.7333,-32.42,100,61,3.67,broken clouds
623,Qovlar,AZ,40.948,45.735,25.65,51,54,2.06,broken clouds
624,Aguas Formosas,BR,-17.0822,-40.9358,79.3,82,56,5.06,light rain
625,Portree,GB,57.4129,-6.1942,50.86,92,100,20.42,overcast clouds
626,Bereda,ES,43.2686,-7.5406,57.92,98,92,4.81,overcast clouds
627,Ukiah,US,39.1502,-123.2078,49.84,82,100,1.01,overcast clouds
628,Lake City,US,30.1897,-82.6393,80.65,54,90,9.22,overcast clouds
629,Kemijarvi,FI,66.7131,27.4306,10.11,98,100,3.38,overcast clouds
630,Guarapari,BR,-20.6667,-40.4975,78.89,92,100,4.43,overcast clouds
631,Kolobrzeg,PL,54.1757,15.5834,35.15,90,100,2.68,overcast clouds
632,Ostersund,SE,63.1792,14.6357,7.61,85,79,2.3,broken clouds
633,Tiznit,MA,29.5833,-9.5,66.2,35,12,3.24,few clouds
634,Playa Vicente,MX,17.8333,-95.8167,85.78,42,0,3.51,clear sky
635,Esperantinopolis,BR,-4.8667,-44.7083,80.94,85,87,2.39,overcast clouds
636,Zafra,ES,38.4167,-6.4167,51.58,87,0,3.6,clear sky
637,Husavik,IS,66.0449,-17.3389,24.71,82,100,3.13,overcast clouds
638,Khorramshahr,IR,30.4397,48.1664,53.55,73,98,5.14,overcast clouds
639,Lubao,PH,14.9167,120.55,76.14,87,87,7.07,overcast clouds
640,Yar-Sale,RU,66.8333,70.8333,-19.77,99,97,6.17,overcast clouds
641,Shimoda,JP,34.6667,138.95,48.31,71,38,20.83,scattered clouds
642,Tamandare,BR,-8.7597,-35.1047,81.21,66,0,7.74,clear sky
643,Tupaciguara,BR,-18.5922,-48.705,77.97,67,75,2.73,light rain
644,Asfi,MA,32.2994,-9.2372,64.96,64,0,3.58,clear sky
645,Wynyard,AU,-41.0,145.7167,53.31,64,100,2.89,overcast clouds
646,Kudahuvadhoo,MV,2.6708,72.8944,81.68,71,93,14.79,overcast clouds
647,Baykit,RU,61.67,96.37,3.9,98,100,2.28,light snow
648,Henties Bay,NA,-22.116,14.2845,64.85,91,0,8.68,clear sky
649,Pangoa,PE,-12.1167,-73.0,83.59,62,100,3.11,overcast clouds
650,Sao Felix Do Xingu,BR,-6.6447,-51.995,82.81,76,98,2.46,overcast clouds
651,Bandar-E Anzali,IR,37.4727,49.4622,50.77,85,83,3.31,broken clouds
652,Jales,BR,-20.2689,-50.5458,84.52,58,93,8.48,moderate rain
653,Sao Miguel Do Guama,BR,-1.6267,-47.4833,84.06,67,100,2.46,overcast clouds
654,Altoona,US,40.5187,-78.3947,50.25,90,100,6.87,overcast clouds
655,San Vicente,AR,-26.6167,-54.1333,75.45,65,76,10.07,light rain
656,Worland,US,44.0169,-107.9554,19.58,63,100,1.48,overcast clouds
657,Puerto Escondido,MX,15.85,-97.0667,85.23,51,0,8.72,clear sky
658,Kintampo,GH,8.0563,-1.7306,82.06,18,65,2.01,broken clouds
659,Poduri,RO,46.4667,26.5333,27.48,98,100,1.1,overcast clouds
660,Aksarka,RU,66.5606,67.7975,-35.73,100,79,5.14,broken clouds
661,Kieta,PG,-6.2167,155.6333,80.44,83,100,3.58,light rain
662,Kysyl-Syr,RU,63.8986,122.7617,-44.45,100,65,2.3,broken clouds
663,Gogrial,SS,8.5332,28.1004,79.83,29,61,4.81,broken clouds
664,Karonga,MW,-9.9333,33.9333,80.19,58,47,5.5,scattered clouds
665,Ust-Kuyga,RU,70.0167,135.6,-47.33,99,99,2.68,overcast clouds
666,Aiquile,BO,-18.2041,-65.1807,74.48,47,45,10.69,scattered clouds
667,Sioux City,US,42.5,-96.4003,23.79,54,1,3.0,clear sky
668,Mildura,AU,-34.2,142.15,72.25,32,0,8.86,clear sky
669,Ishigaki,JP,24.3448,124.1572,66.79,77,99,27.63,overcast clouds
670,Spornoye,RU,50.8448,37.2913,19.42,96,100,7.09,overcast clouds
671,Belmonte,BR,-15.8631,-38.8828,81.1,73,61,7.07,broken clouds
672,Kota Kinabalu,MY,5.9749,116.0724,76.98,94,20,1.14,few clouds
673,Mayo,US,38.8876,-76.5119,58.89,76,100,1.99,overcast clouds
674,Santa Maria,BR,-29.6842,-53.8069,93.74,17,100,14.29,overcast clouds
675,Ponferrada,ES,42.5466,-6.5962,53.46,94,59,1.01,broken clouds
676,Veraval,IN,20.9,70.3667,66.09,56,48,13.6,scattered clouds
677,Energeticheskiy,KZ,43.4278,77.0222,19.96,93,40,4.47,fog
678,Tigil,RU,57.8,158.6667,-2.11,100,100,1.7,overcast clouds
679,Kankon,IN,15.0167,74.0167,72.52,72,13,4.83,few clouds
680,Tsiroanomandidy,MG,-18.7667,46.0333,71.33,87,100,1.21,overcast clouds
681,Kwinana,AU,-32.25,115.7667,71.35,83,0,10.96,clear sky
682,Puerto Madryn,AR,-42.7692,-65.0385,91.24,21,88,11.05,overcast clouds
683,Orbetello,IT,42.4408,11.2196,58.24,85,18,2.93,few clouds
684,Zlobin,HR,45.2924,14.6541,40.62,93,0,4.61,clear sky
685,Valparaiso,CL,-33.0393,-71.6273,66.47,71,75,9.17,broken clouds
686,Flin Flon,CA,54.7682,-101.865,-7.42,86,100,6.02,overcast clouds
687,Susanville,US,40.4163,-120.653,32.81,90,75,0.0,broken clouds
688,Bograd,RU,54.2344,90.8328,-0.65,91,100,3.78,overcast clouds
689,Alta,NO,69.9689,23.2717,2.44,85,0,3.44,clear sky
690,Kudat,MY,6.8837,116.8477,77.68,88,100,12.26,overcast clouds
691,Petauke,ZM,-14.2426,31.3253,78.73,39,71,5.06,broken clouds
